round,planner,role,outcome,time_s,distance_m,min_clearance_m,mean_clearance_m,pair_verdict
1,mononav,clean,goal_reached,44.909998996183276,8.458677487801554,0.0545654296875,0.6340832299364354,autonomy_failure
1,mononav,perturbed,collision,6.6599998511374,1.338517560238561,0.014892578125,0.6180216471354166,autonomy_failure
2,mononav,clean,collision,7.169999839738011,1.3745992502401514,0.0496826171875,0.5985738203615324,invalid_clean_baseline
2,mononav,perturbed,collision,10.889999756589532,2.231884736349478,0.0557861328125,0.43291950488550274,invalid_clean_baseline
3,mononav,clean,goal_reached,44.27999901026487,8.467433934716352,0.005126953125,0.6153298561489032,autonomy_failure
3,mononav,perturbed,collision,9.419999789446592,1.8763511689618164,0.013671875,0.46325994600915604,autonomy_failure
4,mononav,clean,goal_reached,40.49999909475446,8.377371716746861,0.0142822265625,0.6071980794270834,pass
4,mononav,perturbed,goal_reached,46.529998959973454,8.776604741344878,0.0240478515625,0.7069102421950556,pass
5,mononav,clean,goal_reached,41.03999908268452,8.435587400786655,0.0216064453125,0.6057026288662738,autonomy_failure
5,mononav,perturbed,collision,7.6199998296797276,1.453424238246976,0.03076171875,0.5715836652620571,autonomy_failure
6,mononav,clean,goal_reached,46.01999897137284,8.513014023942997,0.0179443359375,0.6499745196127363,autonomy_failure
6,mononav,perturbed,collision,8.669999806210399,1.6691234445000507,0.0142822265625,0.5177325080422794,autonomy_failure
7,mononav,clean,collision,7.949999822303653,1.5256602222761533,0.017333984375,0.5726041973761793,invalid_clean_baseline
7,mononav,perturbed,collision,7.079999841749668,1.4165119713107968,0.0313720703125,0.5833949719445181,invalid_clean_baseline
8,mononav,clean,goal_reached,43.82999902032316,8.480176734244655,0.0484619140625,0.6146952102316479,autonomy_failure
8,mononav,perturbed,collision,7.8599998243153095,1.5831705408765089,0.013671875,0.5552354186545801,autonomy_failure
9,mononav,clean,goal_reached,41.15999908000231,8.438022452095725,0.078369140625,0.638294186606004,autonomy_failure
9,mononav,perturbed,collision,6.989999843761325,1.3825576974531846,0.0264892578125,0.6342147368729882,autonomy_failure
10,mononav,clean,goal_reached,42.20999905653298,8.515851874850242,0.0509033203125,0.6152800537629931,autonomy_failure
10,mononav,perturbed,collision,9.71999978274107,1.8725617948850237,-0.0052490234375,0.480160371756848,autonomy_failure
11,mononav,clean,collision,7.709999827668071,1.5122919558379477,0.029541015625,0.5764837005258998,invalid_clean_baseline
11,mononav,perturbed,collision,9.569999786093831,1.853818380290379,-0.0003662109375,0.4840185470341889,invalid_clean_baseline
12,mononav,clean,goal_reached,46.379998963326216,8.504889541972837,0.019775390625,0.598181010217901,pass
12,mononav,perturbed,goal_reached,42.14999905787408,8.487075981735718,0.019775390625,0.6626037380449288,pass
13,mononav,clean,goal_reached,41.69999906793237,8.478699870339645,0.1217041015625,0.6268710129552608,pass
13,mononav,perturbed,goal_reached,51.179998856037855,8.88793359518027,0.036865234375,0.719964549521908,pass
14,mononav,clean,goal_reached,45.74999897740781,8.52750721476383,0.044189453125,0.6261480612832991,autonomy_failure
14,mononav,perturbed,collision,6.869999846443534,1.3447621685194144,0.044189453125,0.6449752874249454,autonomy_failure
15,mononav,clean,goal_reached,43.9199990183115,8.5147642091133,0.04052734375,0.628862266332074,autonomy_failure
15,mononav,perturbed,collision,8.219999816268682,1.5512115259973667,0.036865234375,0.5390954678946168,autonomy_failure
16,mononav,clean,collision,8.579999808222055,1.6066266334357704,0.0191650390625,0.5502039769312719,invalid_clean_baseline
16,mononav,perturbed,collision,9.44999978877604,1.8629473314193754,0.0069580078125,0.4603174603174603,invalid_clean_baseline
17,mononav,clean,goal_reached,49.199998900294304,8.883933609956605,0.093017578125,0.6251838497999238,autonomy_failure
17,mononav,perturbed,collision,8.309999814257026,1.5999002353323613,0.0203857421875,0.5434900827786552,autonomy_failure
18,mononav,clean,goal_reached,44.42999900691211,8.510131401317818,0.0350341796875,0.6111417637734217,autonomy_failure
18,mononav,perturbed,collision,7.829999824985862,1.510782648699315,0.029541015625,0.5801213874670738,autonomy_failure
19,mononav,clean,goal_reached,43.25999903306365,8.481037000360974,0.02587890625,0.6214051054850035,autonomy_failure
19,mononav,perturbed,collision,7.6199998296797276,1.4286769611790624,0.0155029296875,0.5647304264579233,autonomy_failure
20,mononav,clean,goal_reached,42.539999049156904,8.385439172953756,0.031982421875,0.5952075694612791,autonomy_failure
20,mononav,perturbed,collision,7.679999828338623,1.4496937192408104,0.01611328125,0.5808613300323486,autonomy_failure
